{
  "client": 999777,
  "moving": true,
  "speed": 8,
  "interpolate": false,
  "coords": [
    [106.54683029, 58.03256597],
    [106.5384, 58.03409],
    [106.53784625, 58.03890375],
    [106.5400, 58.0400],
    [106.5450, 58.0350]
  ]
} 