{
  "client": 999888,
  "moving": true,
  "speed": 8,
  "coords": [
    [106.54683029, 58.03256597],
    [106.5384, 58.03409],
    [106.53784625, 58.03890375]
  ]
} 