{
  "waypoints": [
    [106.54683029, 58.03256597],
    [106.5384, 58.03409],
    [106.53784625, 58.03890375]
  ],
  "speed": 40,
  "course": 90,
  "altitude": 10,
  "delay": 2000,
  "interpolate": true
} 